[
  {
    "id": 1,
    "title": "Build UI",
    "type" : "Story",
    "size" : "M",
    "team" : "Noble Carrots",
    "status": "Started",
    "start_date": "2018-08-02",
    "close_date": null,
    "hours_worked":90,
    "perc_complete": 95,
    "current_sprint" : true
  },
  {
    "id": 2,
    "title": "Update unit tests",
    "type" : "Story",
    "size" : "L",
    "team" : "MS Why Us",
    "status": "Closed",
    "start_date": "2018-07-15",
    "close_date": "2018-08-1",
    "hours_worked": 40,
    "perc_complete": 100,
    "current_sprint" : true
  },
  {
    "id": 3,
    "title": "Write middleware",
    "type" : "Epic",
    "size" : "XL",
    "team" : "California Dream",
    "status": "Open",
    "start_date": null,
    "close_date": null,
    "hours_worked": 0,
    "perc_complete": 0,
    "current_sprint" : true
  },
  {
    "id": 4,
    "title": "Completion % not saving",
    "type" : "Bug",
    "size" : "XS",
    "team" : "Luke's Parents",
    "status": "Open",
    "start_date": "2018-07-29",
    "close_date": "",
    "hours_worked": 17,
    "perc_complete": 80,
    "current_sprint" : false
  }
]
