{
  "task": {
    "id": 4,
    "title": "Completion % not saving",
    "type" : "Bug",
    "size" : "XS",
    "team" : "Luke's Parents",
    "status": "Open",
    "start_date": "2018-07-29",
    "close_date": "",
    "hours_worked": 17,
    "perc_complete": 80,
    "current_sprint" : false
  },
  "work": [
    {
      "id": 101,
      "start": "2018-07-29T08:30",
      "stop": "2018-07-29T011:30",
      "hours": 3,
      "completion_estimate": 0.10
    },
    {
      "id": 102,
      "start": "2018-07-29T13:30",
      "stop": "2018-07-29T16:30",
      "hours": 3,
      "completion_estimate": 0.25
    },
    {
      "id": 103,
      "start": "2018-07-30T08:30",
      "stop": "2018-07-30T11:30",
      "hours": 3,
      "completion_estimate": 0.5
    },
    {
      "id": 104,
      "start": "2018-08-01T09:30",
      "stop": "2018-08-01T13:30",
      "hours": 4,
      "completion_estimate": 0.8
    },
    {
      "id": 105,
      "start": "2018-08-03T14:30",
      "stop": "2018-08-03T18:30",
      "hours": 4,
      "completion_estimate": 0.85
    }
  ]
}
